Bio,Follower Count
b'Fighting for Alaska. Always.',6206
"b""Fmr Dept of Natural Resources Commissioner & Alaska Attorney General. Fmr Ass't Secy of State. Proud Marine. Senator for Alaska. #StandWithDan""",4684
b'The official Twitter page for U.S. Senator Richard Shelby (R-Ala.) https://t.co/YqOy54UpSf',93449
b'Former college football coach. Two time SEC coach of the year. Six National Coach of the Year awards. Senator for the Great State of Alabama!',74110
"b'Optometrist. Husband, Dad & Grandfather. @RazorbackFB alum. 5th-Generation Arkansan. Official Twitter account for my campaign to represent AR in the US Senate.'",5230
"b'U.S. Senator for Arkansas. For official updates, see @SenTomCotton. RLTW.'",142799
"b'US Senator for Arizona. Also: teaching @ASU, ultramarathoner, Boston qualifier, and IRONMAN.'",160896
b'Navy combat veteran & retired NASA astronaut. Husband to @GabbyGiffords. United States Senator for the great state of Arizona.',496604
b'United States Senator from California. On Facebook at: https://t.co/RVLkJPLS9Y',1507695
b'U.S. Senator for California. Husband & Dad. Former CA Secretary of State. @MIT Grad. San Fernando Valley native. Defending the dream.',84835
"b'Fighting for the next generation. Current Senator, former school superintendent. Two N\xe2\x80\x99s, one T.'",48528
"b'Former geologist, brewer, mayor, and governor. Occasional banjo player. Ready to bring change to Washington & get things done for Colorado!'",215303
"b'Official Twitter account of U.S. Senator Richard Blumenthal, proudly working for the people of Connecticut.'",712225
b'U.S. Senator from Connecticut.',1037568
"b'U.S. Senator for Delaware. Father, husband and proud veteran of the U.S. Navy. Detroit @tigers fan.'",4192
b'U.S. Senator from Delaware. Former New Castle County Exec & in-house counsel for a manufacturing company. Husband & father of 3. (He/Him/His) *Campaign Account*',10210
"b'Banned in & sanctioned by China,Follower of Christ,Husband,Father, Proud AMERICAN, US Senator for Florida, #GatorNation & #FinsUp.Official tweets @SenRubioPress'",4211486
"b'Senator from Florida, @nrsc Chairman, Grandpa, Father, Husband, 45th Governor of Florida, Navy Vet, Businessman. #LetsGetToWork'",135376
b'U.S. Senator from Georgia.',1199816
b'Pastor. Advocate. Savannah born & raised. @Morehouse alum. Senator from Georgia.',935577
"b'U.S. Senator for Hawaii, focused on getting our families back to work and building a sustainable future for Hawaii.'",7735
b'United States Senator from Hawaii. Dad. Climate Hawk. Appropriator. Chair of the Senate Committee on Indian Affairs. Chief Deputy Whip.',380052
"b'U.S. Senator. Family farmer. Lifetime resident of New Hartford, IA. Also follow @GrassleyPress for news and information.'",633211
b'Mother. Soldier. Leader. Proudly serving Iowa in the United States Senate.',51788
"b'Husband, father, grandfather, Idahoan. Official account for the Jim Risch for U.S. Senate Campaign.'",768
"b'Campaign account for an unwavering commonsense conservative who fights for lower taxes, limited government and reduced federal spending. #CrapoForSenate'",596
b'U.S. Senator for Illinois',30541
"b""Official Twitter feed of Tammy Duckworth's campaign to represent Illinois in the U.S. Senate.""",52233
"b'US Senator for Indiana. A proud husband, father, Naval Academy graduate, and Marine fighting for Hoosier families.'",10495
"b'Mike Braun, a lifelong resident of Jasper, Indiana, is a conservative businessman and U.S. Senator from Indiana. #IBackBraun Official: @SenatorBraun'",14710
b'Official account of U.S. Senator Jerry Moran. Honored to represent Kansans in the U.S. Senate.',115790
"b'Husband, father, grandfather, doctor, and Senator for Kansas.'",18816
b'The #Kentucky press office for U.S. Senate Republican Leader Mitch McConnell @LeaderMcConnell. For more information please visit his website:',95682
"b'I fight for the Constitution, individual liberty and the freedoms that make this country great.'",68926
b'Gastroenterologist currently serving the people of Louisiana in the U.S. Senate',47016
b'U.S. Senator',9099
"b'U.S. Senator fighting for the families and future of Massachusetts. Malden native, Red Sox fan, #netneutrality defender, co-author of the #GreenNewDeal (he/him)'",241176
"b'U.S. Senator, former teacher. Wife, mom (Amelia, Alex, Bailey, @CFPB), grandmother, and Okie. She/her. Official campaign account.'",5726735
b'Working hard for Maryland and asking you to please wear a mask.                                                             By Auth. Ben Cardin For Senate',7927
b'Proud Marylander serving the people of this state for 25 years. Progressive fighter committed to getting results.',6361
b'Official Campaign Account for Susan Collins for Senator | #1 Most Bipartisan Senator | Sign up below \xe2\xac\x87\xef\xb8\x8f to join Team Collins',6304
"b'U.S. Senator fighting for Maine. Husband to Mary, father to five children, and grandfather to six grandchildren. RV and Harley enthusiast.'",632
b'Senator Stabenow proudly represents the great State of Michigan in the U.S. Senate.',62502
"b'Proud husband and father of three, five generations in MI, 20+ years in business, 10+ years in the U.S. Navy Reserve, fighter for the middle class'",42079
b'U.S. Senator from Minnesota.',1643522
"b'Converse-wearing, donut-eating U.S. Senator from Minnesota. Longtime fierce advocate for families and new grandma. she/her'",85981
"b""I'm running for Senate to deliver real results for the people of Missouri.""",6997
"b'Constitutional lawyer, husband to Erin, Dad to Elijah, Blaise and Abigail, US Senator from Missouri'",615019
"b'Life-long Mississippian, currently serving in the United States Senate. Updates are from the campaign unless signed RW.'",15329
b'Lifelong conservative proudly fighting for the people of Mississippi in the U.S. Senate.',20433
"b'Senate campaign of Jon Tester - dirt farmer & Montana Senator from Big Sandy - RTs, Replies & Follows \xe2\x89\xa0 Endorsement.'",34758
b'Official campaign handle for Montanans for U.S. Senator Steve Daines. Join #TeamDaines at https://t.co/aYcWtm8Dap',3930
b'U.S. Senator from North Carolina',175754
b'Husband to Susan. Father to Lindsay and Ryan. Papa to Sawyer and Willow Rae. Senator to North Carolina.',41168
"b'U.S. Senator for North Dakota serving on the Senate Agriculture, Energy, Appropriations & Indian Affairs committees.'",114071
"b'U.S. Senator, former Representative, GOP Conservative, husband, & father of 5 great kids! For official updates, follow: @SenKevinCramer'",7812
"b'Deb Fischer is a cattle rancher, proud Nebraskan, and U.S. senator.'",4898
b'Wheat Leader of the Year (2019)',298404
b'U.S. Senator from New Hampshire. This is the Twitter account of Shaheen for Senate.',21345
b'Senator. Mom. Sox fan.',15372
"b'Official campaign account of Senator Bob Menendez. Tweets are from #TeamMenendez unless signed with ""-Bob""'",15621
"b'U.S. Senator from New Jersey. Most tweets (and typos) are mine, some are my team\xe2\x80\x99s. He/him.'",4961518
"b'Official campaign account of U.S. Senator Martin Heinrich, a fighter for all New Mexicans.'",5129
b'Proud son of an ironworker & a public school employee. Fourth generation on my family farm in Namb\xc3\xa9. Senator-elect from NM. Join our movement: https://t.co/1wgB5sVYms',11373
b'Senator from the great state of Nevada. Former Attorney General. Fighter for Nevada\xe2\x80\x99s families.',31867
"b""Campaign account for U.S. Senator Jacky Rosen. Ready to fight for Nevada's hardworking families.""",37234
b'United States Senator for New York. Official Senate account. She/her. Find #COVID19 resources: https://t.co/8EC0oiYTP2',18929
"b'Campaign account for Senator Chuck Schumer, D-NY Fighting hard for the middle class - father, husband, Giants & Yankees fan'",36377
b'Grandfather. Dad. @ConnieSchultz\xe2\x80\x99s partner. Cleveland baseball fan. Proud Ohioan & United States Senator.',87773
b'Official Campaign Twitter for Rob Portman for Senate 2016. All tweets are from the campaign unless signed -RP.',20150
"b'Proud Oklahoman and life-long conservative, consistently fighting for the values of our great state in the U.S. Senate.'",1910
"b'United States Senator from Oklahoma, Husband to Cindy, Father to Hannah and Jordan. Faithful. Conservative. Leader.'",13157
b'Husband. Dad. Garage tinkerer. Thorn in the side of the privileged and powerful. U.S. Senator from Oregon. No corporate PAC $. Fighting for YOU. He/Him.',108166
b'U.S. Senator from Oregon. @SenateFinance Chairman. Follow @WydenPress for updates from my staff. Instagram: https://t.co/a6CyBjudYH',515679
b'Proud Pennsylvanian fighting for working families in the US Senate. Official campaign account. Tweets from Bob signed \xe2\x80\x94Bob',33162
b'Official Campaign Account of Republican U.S. Senator Pat Toomey',13734
b'Delivering for Rhode Island in the U.S. Senate. Campaign account.',4673
b'The official campaign account of U.S. Senator Jack Reed. Proudly representing the Ocean State.',559
b'The official Twitter feed for United States Senator Lindsey Graham.',1964330
b'South Carolinian. US Senator. NY Times Bestselling Author. Opportunity Zones Creator.',9997
b'United States Senator from South Dakota',27672
b'Senator for South Dakota.',2568
"b'Personal Account. Wife, mom of 2, grandmom to 3, Chief mama in charge, US Senator from TN, Author of The Mind of a Conservative Woman \xf0\x9f\x91\x87'",6005
"b'Father. Husband. Proud Tennessean. Senator to the great state of TN. Former US Amb. to Japan, @realDonaldTrump Transition Leader + TN Victory Chair'",25500
"b'Official campaign handle for Texans for Senator John Cornyn, Inc. All tweets by the campaign team.'",5806
"b""Father of two, @heidiscruz's husband, fighter for liberty. Representing the great state of Texas in the U.S. Senate.""",4356340
b'United States Senator for the great state of Utah- Official Campaign Account.',5210
"b'Husband, Father, Grandfather, Former Governor, U.S. Senator (R-UT). Follow @SenatorRomney for official updates.'",2146606
b'Campaign updates from Team Warner. Posts from Sen. Warner signed -MW. Following/retweeting does not equal endorsement.',16446
"b'Anne Holton\xe2\x80\x99s husband, Dad of 3, Stone Irish, public servant, musician, civil rights lawyer, backpacker.'",1004210
"b'U.S. Senator for Vermont. Not me, us.'",15183040
b'',226996
"b""Official Twitter account of Friends of Maria, Sen. Cantwell's re-election campaign committee.\nRT\xe2\x89\xa0endorsement""",8742
b'Senior U.S. Senator from the great state of Washington.',19236
b'U.S. Senator from Wisconsin',53799
"b'Oshkosh manufacturer. Citizen-legislator. Problem solver. Husband, dad & grandpa. Fisherman. Bringing #Wisconsin common sense to the U.S. Senate. #TeamRonJon'",24521
"b'Official Twitter of Manchin for WV. \r\nAccount is run by campaign staff, tweets from the Senator are signed - JM.'",14659
b'Senator Shelley Moore Capito - Republican Nominee for U.S. Senate',5781
"b'Dad, Husband, and doctor - fighting the good fight for Wyoming in the United States Senate #JB4WYO'",635
b'Conservative Republican. US Senator. All Wyoming. All the Time. Official tweets @SenLummis.',22811
b'Official campaign account for Don Young.',1772
"b'Husband, father, and small businessman. Official tweets @repjerrycarl.'",2397
b'U.S. Representative for #AL02 Do justly. Love mercy. Walk humbly. Micah 6:8',2200
"b""I am proud to represent Alabama's Third Congressional District.""",34475
b'Proudly serving the 4th Congressional District of Alabama in the United States House of Representatives',30865
b'This is Mo Brooks\xe2\x80\x99 campaign account. Follow Congressman Mo Brooks\xe2\x80\x99 (AL-05) official Twitter @RepMoBrooks.',1704
b'Conservative Leader in Alabama for more than 20 years. Husband & father of three.',2707
"b""My name is Terri Sewell, and I am seeking re-election to Congress in Alabama's 7th District. Let's move Alabama forward together!""",3609
b'Campaign account of Congressman Rick Crawford who represents the First District of Arkansas. #AR1',4414
"b""Official campaign account for French Hill. Little Rock businessman, civic leader and Congressman for Arkansas's 2nd District. #AR2 #AR02""",2856
"b""I'm running for re-election of the 3rd U.S. Congressional District Seat in Arkansas. I appreciate your support.""",2113
"b""Husband; Father; Engineer; Forester; Razorback; representing Arkansas's 4th District. #LessHassleMoreFreedom""",2375
b'',96
"b'Committed to bringing people together to solve the challenges our communities face. Proud father, grandfather, & @UArizona basketball fan. #AZ01'",10136
"b'Proud lifelong Arizonan, Congresswoman for AZ02, independent voice for working Arizona families, mother and proud grandma. Join us!'",10873
b'Your source for progressive campaign news in Southern Arizona and nationwide. Join our mailing list at http://t.co/dZ368796dE',3860
b'Personal twitter. Congressman for AZ\xe2\x80\x99s 4th District. Constitutional Conservative. #MAGA \xf0\x9f\x87\xba\xf0\x9f\x87\xb8 \xe2\x80\x9cAll of Arizona appreciates Rep. Gosar\xe2\x80\x9d',104915
"b'U.S. Representative for #AZ05. Native Arizonan, Husband, Father, Grandfather, and Conservative Republican.'",13583
"b'Husband, Father, and Conservative who is blessed to represent Arizona\xe2\x80\x99s 6th District in the United States Congress'",5498
"b""Iraq War Veteran. USMC 0311/0341. Member of Congress for Arizona's 7th Congressional District. Proud Democrat. Hispanic, Latino. Father of Michael.""",104478
"b""Congresswoman from Arizona's 8th Congressional District.""",22829
"b""Dad. Husband. Former Phoenix Mayor. Congressman for Arizona's 9th District. Instagram: @gregstantonaz""",66992
"b'Republican US Rep, CA-1st District and rice farmer in NorCal'",3448
"b""Congressman for CA's 2nd Dist.  Posts on this page authorized by Huffman for Congress.  For my official House of Representatives feed please follow @RepHuffman""",15549
"b'This is the official twitter account for my campaign. I proudly represent Glenn, Sacramento, Colusa, Yuba, Sutter, Lake, Solano, and Yolo counties in Congress.'",3881
b'Congressman Tom McClintock represents #CA04 in the United States Congress.',5465
"b""U.S. Congressman, California's 5th Congressional District""",756
"b'Doris Matsui represents the Sacramento region in Congress, and is running for re-election in the 6th District, which includes Sacramento & West Sacramento.'",1410
"b'Husband, father, doctor and teacher representing #CA07 in Congress. Updates by Ami & Team Bera'",4004
"b'Husband, Father, Business Owner, & Congressman for #CA08 #TeamObernolte'",441
"b'I studied math & have a PhD in Differential Geometry and a background in wind energy technology. Elected to Congress in 2006, proud to serve CD-09 of California'",1885
b'Turlock Native. Teacher at Modesto Junior College. Businessman. Proud to represent the people of CA-10 in Congress. Join us: https://t.co/7QlocQKkSq',14218
"b""Father. Avid Runner. Former Small Business Owner.\nHonored to represent California's 11th Congressional District.""",2851
"b""Organize, mobilize and fight #ForThePeople. This is Nancy's political account. Tweets from her are signed -NP.""",791526
"b""Thanks to voters, Barbara Lee represents CA's new 13th Congressional District. This is her campaign account.""",66194
"b'I proudly represent San Francisco and San Mateo counties, and served 18 years in the CA State Legislature before being sworn into Congress in April 2008.'",9174
b'Dad to Nelson & Cricket|Husband|CA Congressman|My book Endgame is on sale now (link below)\xf0\x9f\x91\x87\xf0\x9f\x8f\xbc',291055
"b""Costa represents CA's 16th District. He serves on the Agriculture, Natural Resources, & Foreign Affairs Committees. This account is for official use only.""",27661
b'Bridging national divide w/ a 21st century economic vision for new jobs & more pay in places left behind. No PAC $$. Pro-growth progressive. Obama Commerce alum',282986
"b""Rep. Anna Eshoo represents California's 18th District. Tweets and re-tweets by campaign staff.""",830
b'Proud CA-19 Congresswoman. Democrat. A Teamster\xe2\x80\x99s Daughter. Immigration Attorney. Digital Rights Advocate. DREAMers Defender. Gun Safety Activist. Resister.',2075
"b'I am honored to represent the 20th Congressional District in Congress, and to continue serving our community and country.'",1839
"b'Husband, father, and dairy farmer in #CA21.'",7464
b'',48719
"b""House Republican Leader & Representative of California's 23rd District""",68427
"b""Husband, Father, Veteran, & UCSB alum. Running for Congress to fight for the Central Coast's middle class.""",2501
"b""Representing California's 25th District in Congress. Former U.S. Navy fighter pilot, businessman, & conservative. Husband to Rebecca and proud dad of two boys.""",36223
"b'Mother, School Board Member, State Assemblywoman, Member of Congress proudly serving Ventura County'",3850
"b'Incumbent Candidate for U.S. Congress, 27th District of California.'",820
"b'Father, husband, former federal prosecutor, triathlete and sometimes comic. Congressman from California. Join our team \xf0\x9f\x91\x87'",561150
b'My passion drives my intention to bring quality services to the people I represent. Current U.S. Congressman',896
"b""Represents California's San Fernando Valley in the U.S. House of Representatives""",833
"b'Dad. Husband. 4th generation Californian. Congressman. Fan of Dodgers, craft beer and working across the aisle to get things done.'",1262
"b""Candidate for Congress in California's 32nd Congressional District.\nFighting for the San Gabriel Valley. Water. Labor. Women's Rights. Jobs. Veterans' Services.""",566
"b'Husband of Betty, the love of my life. Father of two great kids. USAF veteran. Member of Congress. In that order. Also, empathy is good.'",1600547
b'Congressman for Los Angeles. Working-class progressive. Personal Account. Lifelong @Dodgers fan! Shelter \xf0\x9f\x90\xb6 parent. FB & IG: @JimmyGomezCA #CA34',18073
"b'Congresswoman representing the people of Bloomington, Chino, Fontana, Montclair, Ontario, Pomona and Rialto. Advocate for working families in the #InlandEmpire.'",2507
"b""I've lived the American Dream and I'm running to ensure that\nfuture generations have the same opportunity I did.""",181
"b'Member of Congress, Speaker Emeritus of the California Assembly, community organizer, and coalition builder. This is my personal campaign account.'",22715
b'Mom. Latina. Congresswoman. Standing up for #CA38 families & working to elect the next generation of leaders to Congress.  This is my campaign twitter account.',1608
"b'Mom, wife, small business owner, former California State Assemblywoman, and Congresswoman for #CA39'",26571
"b""California's 1st Latina in Congress!""",36
b'Born and raised in Riverside. Proud to serve the families of the Inland Empire in the United States House of Representatives. #CA41',2874
b'Welcome to the official Ken Calvert for Congress Campaign Twitter page.',821
b'The Campaign Committee to Re-Elect Congresswoman Maxine Waters.',40406
"b'Congressmember #CA44. San Pedro resident. UCLA, USC Law, 1st Latina to represent CA44. Fighting for you. For official Twitter account follow @RepBarragan'",3806
b'Irvine mom & Consumer Protection Attorney. Representative for #CA45 in Congress. #PorterSupporter IG: KatiePorterOC',509619
"b'Orange County native. Experienced legislator. Come join our campaign, and help elect Lou Correa to Congress. Tweets from Lou signed -LC.'",674
"b'US Congressman representing #CA47. Former @CSULB professor, @LongBeachCity Council, State Assemblyman & Senator -- proud Californian.'",1030
"b'Congresswoman for #CA48. A wife, mother, and County Supervisor fighting everyday to be a strong voice for Orange County families! #StandWithSteel'",12384
"b'Proud husband/dad, SoCal native, clean energy advocate, environmental attorney, Stanford/Duke alum.  U.S. Representative for CA-49. All tweets by me.'",112278
"b'Entrepreneur, Former CEO, Congressman from California.\n\nVisit my website: https://t.co/yBNW2oBCYd'",279065
"b'Husband & father, former Jesuit, #SanDiego native, U.S. Congressman now serving the people of #CA51 & running to represent them again. Work acct: @RepJuanVargas'",147
"b'San Diegan, father, husband, enviro lawyer, Congress, urbanist. #CA52 #SDinDC #YIMBY #GoDuke #Padres @votenewdems Work acct: @repscottpeters'",12187
"b'Congresswoman for #CA53 | Founding Chair, @SDforEveryChild; formerly @KrocSchool, @ProCoWorld, @hillaryclinton, @statedept, @unicefinnovate. she/her'",21460
b'The campaign twitter account for Congresswoman Diana DeGette.',2656
"b""Congressman, Colorado's 2nd District | Dad, Husband & First Generation American | Attorney | Fmr. CU Regent & Director of Colorado's consumer protection agency""",49505
b'Lauren Boebert for Congress Account: Congresswoman for CO-03. Owner of Shooters Grill. I\xe2\x80\x99m the mom who told Beto HELL NO you\xe2\x80\x99re not taking our guns!',566724
"b'Proudly representing the wonderful people of Colorado\xe2\x80\x99s 4th Congressional District. For my official Twitter account, please visit @repkenbuck.'",6970
"b""Congressman Doug Lamborn\r\nConservative Republican Candidate for Colorado's 5th Congressional District.""",165
b'Congressman for #CO06 | 2 awesome kids | Partner to @DeseraiCrow | Former Army Ranger and Arby\xe2\x80\x99s cashier | Westerner & whiskey enthusiast. | \xf0\x9f\x93\xb7 Dave Russell',42448
b'Candidate for the 7th Congressional District. Fighting for hardworking Coloradans.',4079
"b'Congressman Representing the First Congressional District of Connecticut ~ Official Campaign Feed ~\n\nPaid for by Larson for Congress, Barry Feldman, Treasurer'",3129
"b'Thank you for visiting my campaign Twitter page. If your intention was to visit my official House of Rep. Twitter page, please click here http://t.co/9xvKCTFwvA'",1568
"b""Rosa's work has been and will always be about helping people. This is the campaign account for Rosa DeLauro who represents CT's Third Congressional District.""",5821
b'Connecticut Congressman. Reader. Runner. Swimmer. Apiarist. And I make maple syrup. And mead.',113764
b'CT 5th Congressional District Congresswoman',41845
"b""Mother. Lawyer. Fighter. Writer. #Congresswoman Representing the District of Columbia\n\nOfficial Twitter of Eleanor Holmes Norton's Congressional campaign""",323
"b'Democrat serving DE in Congress - Raised in Wilmington - Former Delaware Secretary of Labor - @Padua_Academy, @FDUalumni, & @UDelaware alum - Proud mother of 2'",14733
b'Florida man. Fianc\xc3\xa9. Firebrand. America First.',981743
"b'Campaign Twitter account for Rep. Neal Dunn #FL2. Army Veteran, Surgeon, Businessman. Follow along as we Make America Great Again. #MAGA'",1468
"b'Congresswoman for #FL03, youngest GOP woman in 117th Congress, small business owner, alumna of the US Naval War College, proud wife to a first responder'",20536
b'Congressman FL-04',1737
"b""Husband. Father. Grandfather. Serving as U.S. Representative for Florida's 5th Congressional District #FL05. Re-Election page for Rep. Al Lawson. Vote August 18""",1562
"b'Congressman from Florida. U.S. Army Green Beret. Author \xe2\x80\x9cWarrior Diplomat.\xe2\x80\x9d Former CEO & FOX News Contributor. FL Native, Father. Proud American \xf0\x9f\x87\xba\xf0\x9f\x87\xb8'",20641
b'Campaign account for U.S. Congresswoman Stephanie Murphy -- Fighting for families in Seminole & Orange Counties. Join us! #FL07 #TeamMurphy',8547
b'',33
"b'1st Puerto Rican Florida Congressman, attorney, musician and loving husband of Amanda Soto - personal account'",6151
b'Thank you for visiting my campaign twitter page. If your intention was to visit my official House of Representatives page please visit  @RepValDemings',13749
b'Republican for Congress - Florida Congressional District 11. This account is run by #TeamWebster. Tweets from Daniel Webster are signed -DW.',2157
b'Paid for by Bilirakis for Congress',905
"b""Proud @FloridaState alum. 44th Governor of the great State of Florida. Serving as The People's Congressman in FL-13. #TeamCrist""",35284
b'Standing Up Every Day for Every Tampa Neighbor\xe2\x9a\xa1\xef\xb8\x8f\xe2\x98\x80\xef\xb8\x8f\xf0\x9f\x8c\xb4 Castor for Congress \xf0\x9f\x87\xba\xf0\x9f\x87\xb8 Join #TeamCastor',2719
b'Husband\xe2\x80\xa2Father of 3\xe2\x80\xa2Combat Navy Vet & Pilot\xe2\x80\xa2 Former Business Owner and Lakeland City Commissioner\xe2\x80\xa2 Congressman for FL15',1031
"b""US Congressman representing Florida's 16th district.""",729
b'Conservative Republican serving Florida\xe2\x80\x99s 17th Congressional District',8082
"b'US Army Combat Vet, Purple Heart recipient, husband and father of 4. Serving #FL18 in Congress. Campaign account.'",29037
"b'Liberty-loving. Pro-Trump. Pro-2nd Amendment.           Pro-life. Husband & father to 3. Congressman, FL-19. Official Account: @RepDonaldsPress.'",64337
b'Official Alcee Hastings Campaign Account. Paid for by Hastings for Congress.',595
"b'Thank you for visiting my campaign twitter page. If your intention was to visit my official House of Representatives Twitter page, visit @RepLoisFrankel'",2989
"b'Dad, husband, and Congressman. Proud to rep my diverse community of South Florida. Fighting gun violence & crazy money in politics. #BidenHarris2020 #TeamTed'",12006
"b'Dog loving, clean cooking, breast cancer-surviving, Florida Gator cheering, softball-playing mother of three fighting in Congress on behalf of South Floridians.'",354776
"b""Campaign; member of Congress since 2013; representing Florida's 24th district.""",126
b'I am honored to be your voice in Washington. It is my privilege to represent you effectively and with integrity.',2165
"b'Family man. Congressman-elect in #FL26. Former mayor of #MiamiDade, FL\xe2\x80\x99s largest county. Past firefighter, administrator & commissioner.'",7652
"b""U.S. Congresswoman \xe2\x80\xa2 5x Emmy Award-winning journalist \xe2\x80\xa2 Daughter of exiles \xe2\x80\xa2 Nico & Marti's Mom \xe2\x80\xa2 Representing beautiful South Florida #FL27\xe2\x98\x80\xef\xb8\x8f\xf0\x9f\x8c\xb4""",84073
"b""Republican Congressman representing Georgia's First Congressional District""",6530
"b""Proudly representing Georgia's 2nd Congressional District. Chairman of House Appropriations Subcommittee on Agriculture  https://t.co/gQh6pvYihy""",25378
b'',771
"b'Father, Husband, Champion for Working Families. Representing parts of DeKalb, Gwinnett and Newton counties and all of Rockdale County.'",1834
b'Congresswoman #GA05. Mommy to Carter. Wifey to @Smalls58. Chairwoman @GeorgiaDemocrat. #HBCUmade @talladegacolleg. Soror of #AKA1908 She/Her/Hers',44511
b'Mother of Jordan Davis - young man who was shot and killed in the national Loud Music Shooting. Congresswoman for Georgia\xe2\x80\x99s Sixth Congressional District.',124654
b'Congresswoman from #GA07. Fighting to lower the cost of health care and get our economy back on track. Former Georgia Senate Budget Director. #FinishedTheJob.',74655
"b'Born and raised in Georgia. Father, husband, small businessman, U.S. Congressman. Working hard for the good people of Georgia.'",2663
"b'Christian, Conservative, U. S. Congressman #GA10, Communications Chair of @FreedomCaucus \xe2\x80\x94 working hard to renew America!'",8219
b'U.S. Congress District 11 (R-GA). A consistent Constitutional Conservative https://t.co/V2D194uylM',3309
"b""Georgia's 12th Congressional District Congressman.""",4529
"b""Representing Georgia's 13th Congressional District including Cobb, Douglas, Fayette, Fulton, Clayton, and Henry Counties.""",27362
"b""Congresswoman for Georgia's 14th CD, Christian, Wife, Mom, Small Business Owner, Proud American, 100% Pro-Life, Pro-Gun, Pro-Trump #MAGA Likes =/= Endorsements""",376611
"b'Senator, 32nd / 33rd / 34th Guam Legislature;\n\nMember, U.S. House of Representatives, 116th Congress'",1565
"b'Outrigger Enterprises Group, Waikiki'",2140
"b'Husband, Father, Son, Native Hawaiian, Former State Senator, Veteran, Proud Democrat and U.S. Representative (HI-02)'",98836
b'Congresswoman in IA-01. Iowa native. First woman to represent Iowa\xe2\x80\x99s 67th district. Wife to Matt and mother of two sons.',12767
b'Doctor. Veteran. Congresswoman.',8077
"b'Mother, business owner, and community activist representing #IA03 in Congress #Democrat'",14993
"b'Husband, father, and life-long Iowan. Congressman and proven effective conservative ready to deliver for the 4th District. #IA04 #FeenstraDelivers'",6676
"b'4th-generation Idahoan, farm kid, father, international businessman, and Congressman Representing Idaho\xe2\x80\x99s 1st CD. #RussForUS'",3306
"b'Conservative Republican Mike Simpson represents the families, small businesses, farms and ranches of Idaho\xe2\x80\x99s Second Congressional District.'",1932
b'U.S. Congressman (IL-01) | Past. Present. Proven.',552
"b'Congresswoman, 2nd District of Illinois. \nChairwoman, Democratic Party of Illinois. Follow us at @demsforillinois'",7605
"b'#IL03 Congresswoman: Fighting to Make the Economy Work For Everyone, Med4All, Real Pay For Real Jobs, Green New Deal. #NewDayinIL03'",49756
"b'Dad, Grandpa, Progressive Chicagoan, Retired Marathoner, and Congressman #IL04. FB & IG: @ChuyForCongress'",19276
"b""Representing Illinois' 5th District. House Appropriator, Intelligence Committee member, amateur hockey player, proud Cubs fan. He/Him.""",51067
"b'Congressman, IL-06. Engineer. Former CEO. Dad. Husband. Occasional piano player.  ""A very dark horse"".  For official tweets follow @RepCasten'",37564
b'Congressman of the 7th Congressional District',293
"b'Father of 3, Husband, Small Businessman & Congressman representing the people of #IL08. Official account of the Raja for Congress campaign.'",3210
"b'Twitter Account for Schakowsky for Congress. Staff-managed. When we fight, we win.'",5070
"b""I represent Illinois's 10th District in the United States Congress  #IL10.""",18933
"b""Businessman. Scientist. Verified Twitter feed of Bill Foster's campaign to return to Congress to represent the Illinois' 11th District.""",2274
b'Passionate leadership for Southern Illinois',1265
b'Congressman for the 13th District of Illinois',2704
b'Registered Nurse. Congresswoman representing the IL-14 district. Find me on Facebook at UnderwoodForCongress and on IG at laurenaunderwood',137148
b'Congresswoman-Elect for IL-15.',4449
b'Lt. Colonel in the @USAirforce & currently serving in the @GoAirGuard. Personal Account.',132236
"b'Congresswoman from #IL17 working hard to get real results for the families I serve. Former reporter, wife, mother of three, athlete.'",12990
"b'Husband, Father of 3, Congressman for the 18th District of Illinois'",1162
"b""Democratic Representative-elect for Indiana's First Congressional District | For Jobs. For Healthcare. For Us.""",790
"b""Honored to represent Indiana's Second District and take common sense Hoosier solutions to the US Congress. Campaign account.""",4666
b'Congressman (IN-3). Afghanistan veteran. Husband and father of three. Committed to preserving the American dream for future generations.',7684
b'Lifelong Hoosier proudly representing the 4th Congressional District.',5827
b'Mother of two daughters. Businesswoman. Farmer. CPA & Fortune 500 finance professional. Former State Senator. American by choice. U.S. Representative #IN05',7610
"b""Congressman for Indiana's 6th District.""",6893
b'Serving Indiana\xe2\x80\x99s 7 Congressional District. This is the official Twitter account for my 2020 re-election campaign.',3005
b'Husband. Father of four. Doctor. Congressman representing #IN08.',2102
b'Official Twitter account of the Trey for Congress campaign. U.S. Representative for #IN09.',1180
b'50th Lieutenant Governor of Kansas. Republican candidate for the First Congressional District in Kansas.',1928
"b'Conservative Congressman for #ks02. 6th-generation Kansan. Faith in God. Family. Love of Country. Husband to Suzanne. Father to Ava, Joe, Maggie, and Gus.'",1970
"b'Putting Kansans first and fighting for opportunity, because everyone deserves a shot at success. Proud to represent #KS03 in the US Congress.'",138702
b'Kansas Champion. Engineering Common Sense Solutions. Husband. Father. Engineer. Leader. Conservative. #KS04',1446
"b'Kentucky Congressman. Republican Leader of House Oversight Committee. Tweets are about family, friends, sports, farming & politics (Personal Account)'",16110
"b""Congressman serving Kentucky's 2nd District.""",6489
b'Chairman of the House Budget Committee. Congressman representing Kentucky\xe2\x80\x99s Third Congressional District.',50884
"b""Official campaign account of Thomas Massie for Congress.\nFighting for the taxpayers of Kentucky's 4th District since 2012.\nPro-Life, Pro-2A, Pro-Constitution""",1804
b'This is the official campaign Twitter account for Hal Rogers.',163
b'Trusted by voters of #KY06 to represent them in Congress since 2013. The True Conservative for Central Kentucky.',5040
b'House GOP Whip. Congressman for Louisiana\xe2\x80\x99s 1st District. Fighting for conservative values & combatting the Dems\xe2\x80\x99 radical socialist agenda. Dad. Saints/LSU fan.',51438
"b'Husband. Father. Army Veteran. Former SWAT Operator. Congressman LA-3. Patriot. Constitutionalist. Also, @realdonaldtrump is still President. #MAGA #KAG'",2026
b'',2010
b'Baton Rouge native \xe2\x80\xa2 Proud husband & dad \xe2\x80\xa2 Congressman proudly serving #LA06 \xe2\x80\xa2 Fmr Chair of Coastal Protection & Restoration Authority',4573
b'Serving Western and Central Mass in Congress. Official campaign page.',917
"b'Fighter for #MA02 in Congress. No corporate PAC/fossil fuel $$. Together let\xe2\x80\x99s #EndHungerNow, restore decency to our democracy & invest in ALL our families.'",7566
"b'Mom, Lowell native, and Congresswoman for Massachusetts 3rd District.'",7433
"b'Congressman for the #MA04. \nMember, Transportation & Infrastructure and Financial Services Committees.'",5816
b'Congresswoman for 5th District in MA. Mom of three great kids!',12759
"b""Father, husband, Marine, Congressman. It's time for a new generation of leadership: @serve_america \xf0\x9f\x87\xba\xf0\x9f\x87\xb8""",151570
b'Your Congresswoman. Proudly representing the MA 7th. Here to break concrete ceilings & shake the table. Personal account. She/hers. #ChangeCantWait',1085540
b'This is the official campaign account for Congressman Stephen F. Lynch. Tweets signed -SFL are from Stephen. #mapoli',4787
b'U.S. Congressman proudly serving #MA09. Welcome to my campaign Twitter account.',4069
"b""Andy Harris, M.D. - Congressman from Maryland's 1st District & physician, Campaign for reelection 2016""",1177
"b'Homegrown Baltimorean known as the Common Sense Congressman. Loves family, country, and crabcakes. Believes politics is the business of customer service. #MD02'",292
"b""Working hard for Maryland's 3rd Congressional District. Connect on Facebook @ https://t.co/gsRUbQ4kwc. By Authority of Friends of John Sarbanes.""",5271
"b""Congressman for Maryland's 4th Congressional District. Father, husband and former Army Aviator""",8411
"b""I represent Maryland's Fifth Congressional District and serve as the House Majority Leader in the 117th Congress. This is my official campaign page.""",17613
"b""Owner @TotalWine, Progressive Democrat, Husband, Father, Congressman for Maryland's 6th District. E-mail: david at https://t.co/JWJn4cWCsV""",8938
"b'Congressman Kweisi Mfume, Democratic candidate for the 7th Congressional District in Maryland. Mfume for Congress Committee in formation with the FEC.'",3543
b'Congressman representing #MD08. Training young progressive organizers with #DemocracySummerMD. My official House of Representatives account is @RepRaskin.',39395
"b""Mother, grandmother, organic farmer, small business owner, and Democrat running to continue representing the great people of Maine's 1st Congressional District""",422
b'Campaign Account - Congressman Representing Maine\xe2\x80\x99s 2nd District - #TeamGolden',7533
"b'Official Campaign Account for Jack Bergman \xe2\x80\xa2 Lt. General, USMC (ret) \xe2\x80\xa2 Airline Pilot \xe2\x80\xa2 Small Business Owner \xe2\x80\xa2 Grandpa \xe2\x80\xa2 Representative for #MI01 \xe2\x80\xa2'",2005
"b""As a small business owner and US Representative, I have the background and passion to confront the challenges that face Michigan's 2nd District.""",3694
"b'Running for Congress in #MI03. Past: IRQ, AFG. Personal: @pjfm IG: https://t.co/zPp4SfqB4M'",11833
"b""Running to represent Michigan's 4th District in Congress""",1138
"b'Fighting for Michigan. Focused on boosting middle class wages, lowering the cost of health care and ensuring clean drinking water for all.'",6175
"b'Official campaign account. Husband, father, and proud to represent the commonsense values of Michigan. #MI06 #TeamUpton'",2828
"b'Proven conservative leader fighting for Michigan job creation, less government spending, and more freedom.'",1522
"b'Proudly working for #MI08. Fighting for cheaper prescription drugs, clean water, better politics. National security professional. Proud Michigander.'",49281
"b'Congressman in #MI09, union organizer, clean energy entrepreneur, human rights activist, dad joke teller, hockey player.'",8605
"b""Congresswoman for Michigan's 10th District. Political Outsider. Job Creator. Businesswoman. Coming to Congress to get things done.""",3059
b'U.S Congresswoman for the incredible people of Michigan\xe2\x80\x99s 11th District.\xf0\x9f\x98\x8aPersonal account \xf0\x9f\x99\x8b\xf0\x9f\x8f\xbb\xe2\x80\x8d\xe2\x99\x80\xef\xb8\x8f She/Her. \xe2\x9d\xa4\xef\xb8\x8f',29246
"b'Democratic candidate for Congress, MI-12.'",18505
"b'Unbossed Congresswoman #Michigan13th. Detroiter, Palestinian American, Muslima. #RootedInCommunity'",1454218
"b""Campaign account for Congresswoman Brenda Lawrence, Democrat from Michigan's 14th District. Fighting for jobs, education, transportation. #TeamBrenda""",8279
"b'Congressman, Minnesota\xe2\x80\x99s First District'",3714
"b'Mother to 4 boys. Wife. Congresswoman in #MN02. Grey\xe2\x80\x99s Anatomy, country music, Lynx fan.'",20474
"b'Lifelong Minnesotan, entrepreneur, hockey and state fair enthusiast, and Congressman for #MN03. I choose optimism over fear, and everyone\xe2\x80\x99s invited!'",15415
"b""Official Twitter account for Rep. Betty McCollum's campaign - updates, news, events, and ways to get involved. RT\xe2\x89\xa0endorsements. Tweets from Betty signed -B""",1369
"b'Mom, Refugee and Congresswoman for #MN05. Progressive Caucus Whip. Fighting for a more just world. Join our grassroots funded progressive movement \xe2\x9c\xa8'",2975143
"b'Campaign account of Tom Emmer (MN-06). @NRCC Chair, working to balance the budget and rein in government spending.'",10670
b'Michelle Fischbach is the Congresswoman for western Minnesota\xe2\x80\x99s 7th District. #MN07',8832
"b'Fighting for our way of life. This is my campaign account. If you were looking for my House of Representatives account, please visit @RepPeteStauber.'",6430
"b'Congresswoman, MO-01. Nurse, activist, organizer, single mom, & pastor. Leading with radical love, fighting for regular people. #StLouisStrong (she/her)'",792464
b'Conservative Republican multi-tasker. Wife. Mother of three. Proud West Point Mom.',4957
"b'Conservative Congressman (MO-3), Husband, Father & Grandfather.'",1503
"b""Official campaign Twitter account. Common-sense, pro-life conservative seeking re-election to represent Missouri's 4th District in the U.S. House.""",792
"b""Official campaign Twitter account for #CleaverForCongress, U.S. Rep. for MO's 5th Dist. Proud Democrat. RT/shares not considered endorsements.""",1143
"b""Proudly representing Missouri's Sixth Congressional District""",14982
"b""Proud to represent Missouri's 7th Congressional District on @HouseCommerce Committee \xe2\x80\xa2 Subcommittees on \xe2\x80\xa2 Communications & Technology \xe2\x80\xa2 Health \xe2\x80\xa2 Environment \xe2\x80\xa2""",9397
"b""Honored to represent the families of Missouri's Eighth District in the United States House of Representatives. #mo8""",12369
"b'US Delegate for the Northern Mariana Islands \xf0\x9f\x87\xb2\xf0\x9f\x87\xb5. Member of @EdLaborCmte, @NRDems, @VetAffairsDems, @HouseAgDems, @CAPAC & @HispanicCaucus'",1749
b'',396
"b""Campaign account. For U.S. \xf0\x9f\x87\xba\xf0\x9f\x87\xb8Representative Candidate for Mississippi's 2nd congressional district.""",422
"b""United States Congressman for Mississippi's Third District.""",1972
b'Father of three.  Marine veteran and currently in the National Guard. CPA and former small business owner.  Proud to represent MISSISSIPPI values in Congress.',2773
"b'Wife: Jean (35 yrs). Sons: Matt Jr, Brien & Adam. Congressman-elect for the State of Montana. #mtpol #mtal #TeamRosendale'",11424
"b""U.S. Representative, proudly serving North Carolina's 1st Congressional District. Follow my work in Washington and #NC01.""",22571
"b'Congresswoman for #NC02. Proud North Carolinian and strong voice for all in our state. Wife to Steve, dog mom to Wylie, and former #NCGA.'",9492
b'Husband \xe2\x80\xa2 Father \xe2\x80\xa2 Physician \xe2\x80\xa2 Member of Congress (NC3)',2584
"b""I am proud to represent NC's 4th Congressional District, which includes Orange, Granville, Franklin, and Durham and parts of Chatham, Vance, and Wake Counties.""",36586
b'Virginia Foxx is a voice for North Carolina values and a champion of conservative ideas. #NC05 #TeamFoxx',2155
"b'Mom, wife, attorney, community leader, and Representative for #NC06. This is a political account.'",7538
"b""I have the privilege of representing the great people of North Carolina's 7th Congressional District. #NC07""",2863
"b'Christian \xf0\x9f\x99\x8fHusband & Father \xf0\x9f\x91\xaa, NASCAR Fan \xf0\x9f\x8f\x81, Panthers \xf0\x9f\x8f\x88, Congressman\xf0\x9f\x87\xba\xf0\x9f\x87\xb8, NC-O8\xf0\x9f\x93\x8d'",3513
"b'Proud Representative of North Carolina\xe2\x80\x99s 9th congressional district fighting for America, freedom & the America First agenda. \xf0\x9f\x87\xba\xf0\x9f\x87\xb8'",13771
b'Check back for campaign trail updates from Congressman McHenry and his campaign team!',1271
"b'Conservative \xe2\x80\xa2 Business Owner \xe2\x80\xa2 Political Activist \xe2\x80\xa2 I love people, food and our country \xe2\x80\xa2 Congressman for NC-11'",258245
"b'Rep. Alma Adams, running for reelection to represent Charlotte & Mecklenburg County. 40 year educator, 30 year public servant, proud mother & grandmother. #NC12'",4698
"b'United States Congressman, North Carolina 13th district. Christian, Husband, Father to two girls and an Eagle Scout, ProShots Gun Range Owner.'",1615
b'Lifelong North Dakotan. Proud husband and dad. Republican. U.S. House of Representatives. Real Conservative. Real results.',2167
"b""Official Campaign Account \xe2\x80\x93 Jeff Fortenberry for Congress.\n\nLet's lead the way together and get things done.""",406
"b""Congressman #NE02. Retired USAF 1\xe2\xad\x90\xef\xb8\x8f: 16 tours, 5 commands, 4 deployments. Angie's \xf0\x9f\x92\x81 Husband 37 yrs, 4 kids, 6 grandkids. \xf0\x9f\x87\xba\xf0\x9f\x87\xb8""",6637
b'Proudly serving the 3rd District of Nebraska in the U.S. House of Representatives',14894
b'Congressman in #NH01 | Life-long Manchester Resident | Visit @RepChrisPappas for official updates',14278
"b""Always fighting for the people of New Hampshire's Second Congressional District.""",6292
"b""Democrat for New Jersey's First Congressional District""",2993
,nan
"b""Congressman for NJ's 3rd District. Former WH National Security Official, Diplomat, Dad to two troublemakers.\n\nWhether you voted for me or not, I work for you.""",75286
,nan
b'Congressman for New Jersey\xe2\x80\x99s 5th District. Fmr @microsoft corporate strat. Fmr @billclinton speechwriter. Proud dad & NJ resident! (campaign account)',6648
b'',3716
"b""Diplomat, father, former Assistant Secretary of State for Democracy, Human Rights and Labor. Congressman representing New Jersey's 7th district.""",43451
"b'Congressman representing NJ-08, including Hudson, Essex, Union and Bergen counties. Fighting for middle class families and a brighter future.'",591
"b""New Jersey's Progressive Fighter representing the Ninth Congressional District #NJ09""",12756
"b""The NRA gave me an F because I want to end gun violence. Father of triplets. Son of Newark. Proudly serving New Jersey's 10th Congressional District.""",27603
b'Former Navy Pilot. Former federal prosecutor. Mom of four. Congresswoman for #NJ11',49073
"b""A True Progressive Democrat Running for Congress in New Jersey's 12th District. https://t.co/Yxsk1bVY9C""",3907
b'Nominee for Secretary of the Interior. Congresswoman for NM01. Former Dem Party Chair. Proud UNM Lobo mom. Pueblo woman. Marathon runner. Gourmet cook. She/her.',258899
"b""U.S. Representative for New Mexico's Second Congressional District""",7250
"b'Congresista #NM03 \xe2\x80\xa2 Proudly born and raised in northern New Mexico \xe2\x80\xa2 Fighting for our communities, our planet and our democracy \xe2\x80\xa2 Ahora es cuando \xe2\x80\xa2 she/her/ella'",5516
"b""Representative of Nevada's First District. Tweeting politics, culture & #OnlyInDistrict1.""",11252
b'Congressman for NV-2.',2269
"b'Congresswoman, #NV03. Education Advocate & Community Leader. Wife and mother of 2 awesome kids. #MaskUpNV'",7908
"b""Personal account for Congressman Steven Horsford of Nevada's Fourth Congressional District | #Nevada Native""",12219
"b'Dad, Husband, Congressman (NY-1), Army Reserve Lieutenant Colonel.'",19164
b'Long Islander. #NY02 Congressman. Former NYS Assemblyman. Delivering real results for Long Island families.',1312
"b'Family man, 2 term Mayor of #GlenCove & 2 term #NassauCounty Executive. Trained as an Attorney & CPA. Congressman #NY03'",5495
b'Campaign account for @RepKathleenRice (NY04) | Former Nassau County DA',6551
b'Father. Husband. Grandfather. Brother. Democrat. Congressman proudly representing NY-5',1468
"b'Wife & Mother, Congresswoman, Attorney.'",38119
"b'Proudly serving/ Orgullosamente sirviendo a Brooklyn, Manhattan, and Queens'",4857
b'Campaign Account. 8th CD in Brooklyn & Queens. Always keep it real \xf0\x9f\x91\x8a\xf0\x9f\x8f\xbe\xe2\x9c\x8a\xf0\x9f\x8f\xbe\xf0\x9f\x92\xaa\xf0\x9f\x8f\xbe. #ForThePeople *Retweets\xe2\x89\xa0endorsements*',41022
b'Proudly representing NY-9 (Central + Southern BK) in Congress. Lifelong public servant. Progressive champion.',2625
"b'Member of Congress. Representing New York\xe2\x80\x99s 10th C.D., which includes parts of Manhattan and Brooklyn. Join my campaign @ http://t.co/QWx0TfkswM.'",22235
"b'U.S. Congress member for Brooklyn/ Staten Island, 2017 Republican Nominee for NYC Mayor, daughter of Greek & Cuban immigrants'",58638
"b'Former teacher, consumer champion, #ERA activist, progressive Congresswoman. Mom of 2 amazing women. She/her. #NY12 Donate: https://t.co/HOrNIFDabc'",32634
b'Congressman for #NY13. Follow me in DC at @RepEspaillat or in Spanish at @Sen_A_Espaillat.',12843
"b'US Representative,NY-14 (BX & Queens). In a modern, moral, & wealthy society, no American should be too poor to live. \xf0\x9f\x92\xaf% People-Funded, no lobbyist\xf0\x9f\x92\xb0. She/her.'",12650429
b'Congressman (#NY15). Born & bred in the Bronx. Product of public housing. Fighting for ppl whose struggles were my own. Personal Account.',69386
"b'Congressman for #NY16. Former middle school principal. Causing problems for the status quo. Fighting for jobs and education, not bombs and incarceration.'",332976
"b'Congressman, NY-17. Attorney. Activist. Progressive. He/Him #Westchester #Rockland'",121323
b'Husband & father of 3 awesome kids. Representing NY-18 in Congress. DCCC Chair. This is my political twitter: Join \xe2\xac\x87\xef\xb8\x8f',9515
"b'Schenectady native. Rhinebeck resident. #NY19 Congressman. Leading with accountability & integrity. Listening, engaging & finding common ground.'",29369
"b""Congressman Paul Tonko's campaign twitter feed. Fighting for jobs & an innovation economy in #NY20. Account run by PT & staff.""",2902
b'#NY21 U.S. Congresswoman. New ideas\xf0\x9f\x92\xa1New Generation of Leadership \xf0\x9f\x92\xab Real Results\xf0\x9f\x94\xa8Electing #GOPWomen #EPAC \xf0\x9f\x99\x8b\xf0\x9f\x8f\xbb\xe2\x80\x8d\xe2\x99\x80\xef\xb8\x8f\xf0\x9f\x87\xba\xf0\x9f\x87\xb8 Insta\xf0\x9f\x93\xb8@EliseStefanik',330007
b'Member of the 117th and 115th Congress in #NY22. #TakeBacktheHouse #doglover #horselover #MarineMom #USNAMom #EPAC',24762
"b'Proudly representing the Southern Tier, Finger Lakes & Western New York in Congress \xf0\x9f\x87\xba\xf0\x9f\x87\xb8 #NY23'",3952
"b""Official Twitter account of Rep. John Katko. Proudly representing New York's 24th Congressional District.""",27429
b'Congressman representing Monroe County in #NY25. Democrat. Proud grandfather. Baseball enthusiast.',1721
b'Representative of the 26th District of New York: Official Campaign Twitter. RTs \xe2\x89\xa0 endorsements. Website: http://t.co/gRfLDmdH',1101
b'',2608
b'Congressman Representing Southwestern Ohio #OH01',3172
"b'Doctor, Combat surgeon, businessman, Bronze Star recipient Brad Wenstrup is a candidate for Congress in Southwestern Ohio. #OH02'",3738
"b""Representing Ohio's Third Congressional District. Native Ohioan, lifelong Democrat, and proud grandmother. Fighting for the people of Central Ohio.""",7214
"b'Christian, husband to Polly, father of four, grandfather, conservative Ohio congressman fighting for smaller government and more liberty'",1215
"b""Proudly serving the people of Ohio's 5th Congressional District in the U.S. House of Representatives!""",1807
"b'Air Force veteran, husband, father, grandfather and concerned American working to stop Washington from hurting working families. Congressman (OH-6).'",4243
b'Bob Gibbs Campaign Twitter Account.',1429
"b""I serve in Congress, representing Ohio's 8th District. I love this country with a soldier\xe2\x80\x99s passion and will continue to support and defend our Constitution.""",1327
"b'Democratic Congresswoman from Ohio, senior woman in house - worked hard for 30 years bringing real results, fighting for veterans, seniors, working families.'",2843
"b""I represent Ohio's 10th Congressional District, including all of Montgomery & Greene counties & part of Fayette. Check back here for updates on my campaign.""",1532
b'HUD Secretary nominee. Advocate for justice.',23282
b'Representing #OH12 in Congress | It\xe2\x80\x99s not about politics; it\xe2\x80\x99s about getting the job done',7834
"b""Dad. Husband. Rep for Ohio's 13th. Fighting for all working Americans.""",57744
"b'Father, husband, and former Geauga County Prosecutor representing #OH14, NE Ohio, in Congress. Official Campaign Account.'",3207
"b""Husband, Father, Soldier and Candidate for Congress in Ohio's 15th District""",4506
"b'\xe2\x80\x9cThere are no solutions, only trade offs.\xe2\x80\x9d Thomas Sowell'",11918
"b'Christian Businessman, Husband, Father, Grandfather, and US Congressman Oklahoma District 1'",4084
"b'I am a husband, and father to six. I am a conservative, and honored to represent Oklahoma\xe2\x80\x99s 2nd Congressional District. #MullinForCongress'",6041
"b'Husband, Father, & Grandfather. Wheat Farmer & Cattle Rancher. A Product of Common-Sense Oklahoma Values and a Conservative Voice of Reason in Washington.'",1658
"b'Proud to represent #OK04 in the U.S. House of Reps. Ranking Republican of @RulesReps, Vice Ranking of @HouseAppropsGOP. Staff moderated unless signed by me. -TC'",27564
b'Wife | Mother | Congresswoman for Oklahoma\xe2\x80\x99s 5th Congressional District',11064
"b""Representing Oregon's 1st District. Working to strengthen #PublicEducation, support #WorkingFamilies, & #ActOnClimate. Proud mom of two grown kids. She/her.""",34347
b'3rd generation Eastern Oregonian/Rancher. CD2 Congressman-elect. Former #orleg senator & representative. A true & genuine voice for #RuralOregon #orpol #CD2',1979
b'Progressive Democrat proudly representing Oregon\xe2\x80\x99s 3rd Congressional District. He/Him/His \xf0\x9f\x9a\xb2',75812
b'Chair of the House Transportation & Infrastructure Committee. Co-founder of the House Small Brewers Caucus. As independent as Oregon.',3459
b'',533
b'Proudly representing my hometown of #PA01 in the U.S. Congress \xe2\x94\x82 Former @FBI Special Agent & Federal Prosecutor \xe2\x94\x82 CPA | EMT | #WeAre \xf0\x9f\x90\xbe #OneCommunity',2387
"b'Congressman from Philly. Proud Dad to Abby & husband to Jenny. Notre Dame & Harvard alum. Philly sports fan. Supporter of all things PA, esp. Dunder Mifflin.'",57514
b'This account is run by staff. Tweets from Dwight Evans are signed - DE. Paid for and authorized by Dwight Evans for Congress.',4728
"b'Congresswoman serving Pennsylvania\xe2\x80\x99s Fourth District - Montgomery and Berks Counties | Committees: @FSCDems & @HouseJudiciary | ""Courage is in the air""'",67273
b'Advocate. Attorney. Educator. Mom. Wife. Dog Mom. Congresswoman for Pennsylvania\xe2\x80\x99s 5th district.',10418
"b'Air Force Veteran, business leader, educator. Daughter, wife, and mother of 2. Representative for #PA06'",21142
"b'Air Force Veteran, business leader, educator. Daughter, wife, and mother of 2. Representative for #PA06'",21142
"b'Husband of Marion, father of Jack & Matt, 25-yr jury trial lawyer, now working for all the people of Northeastern Pennsylvania.'",2266
b'Congressman in PA-9 | Results-Oriented Businessman | Problem Solver | America First | Conservative | Fmr. PA Secretary of Revenue | Husband | Father',1929
b'Paid for by Patriots for Perry',487
b'Official Campaign Account for U.S. Rep. Lloyd Smucker. Husband & Father - Former Small Business Owner - Conservative',1373
b'Representing the 12th Congressional District of Pennsylvania. Campaign account.',1250
"b'Father, husband, granddad, doctor, advocate, PSU alum. Congressman representing #PA13. Fighting every day for central Pennsylvania. #TeamJoyce'",1528
b'U.S. Representative for PA14. Former Navy JAG & Magisterial District Judge.',2830
b'Official campaign Twitter feed of U.S. Congressman Glenn GT Thompson (PA-15) Get campaign news and GT updates here!',1076
"b'With your support, I can keep fighting to make sure that Washington works for you, and not the other way around.'",2762
"b'Marine, prosecutor, patriot, Catholic, Democrat. U.S. Representative for #PA17.'",147775
"b""U.S. Member of Congress representing PA's 18th District""",22814
b'Congresswoman Puerto Rico (R) @RepJenniffer \xf0\x9f\x87\xb5\xf0\x9f\x87\xb7fmr Speaker of the House. GOP state chair & statehood leader. Women who behave rarely make history. @JGO_2020',105050
b'Congressman for Rhode Island\xe2\x80\x99s 1st District. Antitrust Subcommittee Chairman. #ForThePeople',156327
"b""Proudly representing and fighting for the people of Rhode Island's Second Congressional District. Official campaign account.""",1224
b'A New Voice for GOP. Congresswoman SC01. Single Mom. Bizwoman. Fmr @WaffleHouse Waitress. #Citadel. Author. Conservationist. #LowcountryFirst. Campaign Account.',61789
"b'Official Campaign Account Joe Wilson. Husband, Father, and Grandfather. Republican United States Congressman from South Carolina. #SC02.'",18697
"b'Columnist: @TheAthletic New Orleans \xe2\x80\xa2 Analyst: FOX-8, WVUE-TV \xe2\x80\xa2 Author: Payton & Brees: The Men Who Built the Greatest Offense in NFL History'",42506
"b""Official campaign account for Congressman William Timmons, representing South Carolina's Fourth Congressional District #SC04""",1631
b'Married for 45 wonderful years w/ 4 adult children + 17(!) grandchildren. I represent SC\xe2\x80\x99s 5th District in the U.S. House of Representatives. Personal account.',2773
"b""The official campaign twitter account for Congressman Jim Clyburn, representing South Carolina's Sixth Congressional District.""",16721
"b'Husband, Father, University of South Carolina Grad, and proudly representing the Seventh District of South Carolina.'",1098
b'Serving SD in U.S. House. Husband to Jacquelyn and father to three.',4211
b'Congresswoman for #TN01. #TennesseeTough.',9131
b'Married to Kelly. Father to Isabel. Congressman representing #TN02 Former @KnoxGov Mayor. Former state legislator. Fiscally conservative Republican.',47107
b'Congressman from TN-03',2320
"b""Individual Rights. Small Government. Strong Defense. Representing Tennessee's 4th District in Congress.""",21151
b'Lifelong Tennessean representing #TN05 in Congress. Fighting for a stronger and fairer Middle Tennessee.',1991
b'Farmer. Small business owner. 8th generation Tennessean. Republican Congressman for Tennessee\xe2\x80\x99s 6th District United States House of Representatives.',2531
"b'Husband, Father, Former US Army Special Ops, Flight Surgeon, CEO, Congressman (TN-7). Paid for by Mark Green for Congress.'",9941
b'Congressman representing TN-08. Former United States Attorney for the Western District of Tennessee. Campaign account.',1688
b'Campaign to Re-Elect Congressman Steve Cohen in 2018',1147
"b'Louie Gohmert brings straight talk to Washington, D.C. Please help Louie Gohmert safeguard the US & continue to keep TX safe. *official campaign twitter*'",6340
"b'Dan Crenshaw, Congressman, Lieutenant Commander (Ret), a former Navy SEAL.'",1030261
"b'Decorated Marine Corps Veteran, Businessman, TX-03 Congressman serving Collin County'",9579
b'Conservative (and proud of it!) State Senator in North Texas. Business owner with military background.',5944
"b""Husband, Father, and U.S. Congressman for TX's 5th Congressional District.""",82160
"b'Honored and proud to represent #TX07 in Congress and to bring a little more Houston to Washington, D.C.'",16173
"b'Texas congressman, pro-family, pro-small business conservative. Never moved to DC. Led GOP tax reform in Congress. Keeps fighting for us.'",2796
b'Proud to represent the Ninth Congressional District of Texas in the United States House of Representatives.',1446
b'Official Campaign Twitter for McCaul for Congress. \n\nAll tweets are from the campaign unless signed - MTM \n\ninfo@michaelmccaul.com\nhttps://t.co/X6oavJGfnK',3746
"b'Colonel August Pfluger has dedicated his life to defending the U.S. and as our next Congressman, he\xe2\x80\x99ll defend our traditional Texas values.'",4476
b'Congresswoman proudly serving the 12th District of Texas. Ranking Member of the House Appropriations Committee. #TX12',878
"b'Congressman for #TX13 | Former White House Physician & Retired Navy Rear Admiral | Texan, Veteran, Physician, Leader'",94256
"b'Follow me on @TXRandy14. Native of the Gulf Coast. Married to my Bride Brenda over 42 yrs, 3 children, 8 grandchildren.'",1226
b'',220
"b'Congresswoman for the greatest community in America, on the safe and secure U.S.-Mexico border.'",35252
"b""Proudly Campaigning to Represent the Texas's 17th Congressional District""",1040
b'United States Congress',1420
"b'Building a better West Texas, fighting for the future of America. https://t.co/eqWm15u5Zs | https://t.co/1gbbKZqOzt'",3452
"b'Husband, Father, U.S. Congressman, Proud Texan. Donate:https://t.co/j7jLHPaGKW'",67543
"b'Husband, father, cancer survivor, Congressman from the Great State of Texas. Freedom works. https://t.co/1JZa4Av6WU'",38181
"b'#TX22 Congressman & Fmr. FBC Sheriff | #Veteran US Army Major, ret. | #GOP | Personal acct, see @RepTroyNehls for official releases'",10960
b'',3
"b'Single mother. Christian. Conservative. Congresswoman for Texas 24. American by birth, Texan by the Grace of God.'",17505
b'Conservative Republican candidate for US Congress. #TX25',4143
"b'Congressman, Doctor (OB/GYN), and Proud Texan.'",564
"b'Husband, father, and grateful citizen of the United States. Passionate about helping people. Your Congressman for the 27th District of Texas.'",1785
b'Official campaign account for Congressman Henry Cuellar (TX-28). https://t.co/cFlWPcxwem',1053
"b'Congresswoman, TX-29, Houston Region. Former TX State Senator w/ 25+ yrs in public service. Working for the people. Native Texan. Catholic. One of ten children.'",26055
"b'Mission to Mars\nEBJ 2028 \nUnified in Space!\nUS House Committee on Science, Space, and Tech'",13
"b'Congressman proudly serving the 31st District of Texas, Judge, & Conservative. Committed to bringing more Texas to Washington, and less Washington to Texas.'",6389
"b'Civil rights attorney \xe2\x80\xa2 Former @HUDgov official \xe2\x80\xa2 Former @NFL linebacker \xe2\x80\xa2 Congressman for #TX32, where I was born and raised'",29368
b'Congressman from #TX33 | Serve on @energycommerce | Co-Founder of @BlueCollarDems | Founder of Voting Rights Caucus',6765
b'Campaign account for Congressman Filemon Vela. I am honored to serve the constituents of South Texas. #TX34',2114
"b'U.S. Representative, TX 35th District. Serving neighbors from South San Antonio to North Austin. Onward! #WorksForUs'",3490
"b'U.S. Representative for the 36th Congressional District of Texas. Follows, RTs, mentions are not endorsements.'",1996
b'U.S. House of Representatives',1751
"b""U.S. Congressman proudly serving Utah's 2nd District. Veteran, author, husband, and father. Official Chris Stewart Campaign Account.""",2938
b'U.S. Representative for Utah\xe2\x80\x99s Third Congressional District',7266
"b'Representing #UT04 in Congress,\n\nSuper Bowl XV Champion'",254379
b'Campaign account for Rob Wittman. Proudly serving #VA01. \xc2\xa0#TeamWittman #FirstDistrictFirst',1528
"b'Ret. Navy CDR, Mermaid maker, mom, & all around badass. Reps #VA02 with honor & grit \xf0\x9f\x87\xba\xf0\x9f\x87\xb8\xc2\xa0\xf0\x9f\x92\xaa'",37115
b'Official campaign twitter feed for Bobby Scott for Congress. Facebook: https://t.co/afLc2iKbzV.',3431
"b'Honored to serve the people of #VA04 in the U.S. Congress. Father, husband, former State Senator. Alum of @AmericanU & @UVALaw.'",7681
"b'Bob Good, Congressman-elect in VA-05'",2288
"b""Husband of Elizabeth. Father of two daughters. Former Virginia Delegate. Proudly representing the people of Virginia's Sixth District in the U.S. Congress.""",6400
"b""Congresswoman for Virginia's 7th District. Former CIA Officer. Girl Scout leader. #VA07 (My Congressional account is @RepSpanberger)""",66472
b'Campaign account for VA-08 Congressman. (My official House of Representatives Twitter is @RepDonBeyer.)',6756
"b""Official Campaign Account | Proudly serving Virginia's 9th District""",2163
"b'Mom to two boys & two rescue labs. Former state Senator, prosecutor, and advocate for abused children. Congresswoman for #VA10.'",28646
b'Campaign Account for Congressman Gerry Connolly (VA-11)',3345
b'Proudly representing the Virgin Islands of the United States',275486
b'Welcome to the campaign account for Rep. Peter Welch. Peter has been a champion for working Vermonters throughout his distinguished career of public service.',2198
"b""Proudly representing Washington's 1st Congressional District!\nshe/her \n#WA01\n#TeamDelBene""",4359
"b""Born and raised in Northwest WA. Honored to represent WA's 2nd District. This is the campaign account""",3405
"b'An independent voice for Congress, working to control spending, create jobs, and lower the cost of health care.'",4680
"b""Proudly serving Washington's 4th District in the U.S. Congress. Follows, retweets and mentions are not endorsements. Campaign account.""",489
b'Proud to serve Eastern Washington as your Congresswoman. The best is yet to come!',2558
"b""Born in Port Angeles. Lives in Gig Harbor. Father of two. Avid Star Wars fan. \nProud Representative of Washington's beautiful 6th Congressional District.""",2141
"b'Congressmember for WA-07 and lifelong organizer for immigrant, civil, and human rights. Progressive Caucus Chair. Bold, unafraid, and a proud mom. She/her.'",209372
b'Pediatrician. Mom. Congresswoman representing #WA08',10561
"b""Proudly representing Washington's 9th Congressional District. Husband. Dad. UW alum. Avid Mariners & Seahawks fan. Retweets are not endorsements.""",1040
"b'Congresswoman, WA-10. Democrat. Army brat. Fighting for an equitable economy. Fmr Mayor of Tacoma | Fmr CEO Seattle Metro Chamber #SouthSoundProud'",5014
"b'Congressman for Wisconsin\xe2\x80\x99s First District. Personal Account. On, Wisconsin!'",2855
"b""Congressman for WI's 2nd District. Progressive Caucus Co-Chair. Small-business owner. Labor union member. Fighter in the resistance. Campaign account.""",23706
"b'Husband, Father, Sportsman, Representative of Wisconsin\xe2\x80\x99s 3rd Congressional District.  Working hard for Wisconsin families! Tweets from Ron signed RK #UniteBlue'",4486
"b'Official Twitter of Gwen Moore for Congress Campaign. For more information, please visit http://t.co/R0oQFe14TQ'",3801
"b'Congressman for Wisconsin\xe2\x80\x99s 5th.  Proven, battle-tested conservative, former Wisconsin Senate Majority Leader, Army Reserve veteran, husband, father.'",2092
"b""Glenn Grothman represents WI's 6th Congressional District in the House of Representatives.""",2052
"b""Congressman for Wisconsin's 7th District. Husband. Dad. Dam tender. Proven conservative. \xf0\x9f\x87\xba\xf0\x9f\x87\xb8""",6764
"b""Campaign account for Congressman Mike Gallagher representing Wisconsin's 8th.""",4254
b'Proud to serve the First District of West Virginia in the U.S. House of Representatives. Member of the Energy and Commerce Committee. Staff-run account',32862
"b'Proud West Virginian, Conservative, Congressman for #WV02 #wvpol'",2085
"b""Wife, mother, grandmother, small business owner, bison farmer, and Congresswoman for West Virginia's 3rd District. Cutting the Bull Out of Politics. #MAGA""",2949
"b'Proud rodeo mom, soccer mom, baseball mom, hockey mom, constitutional conservative. Honored to serve the people of Wyoming in Congress.'",144448
